title,category
100+ Nature Pictures | Download Free Images & Stock Photos on Unsplash,nature
Photo by Kimon Maritz on Unsplash,nature
100+ Woodland Pictures [HD] | Download Free Images on Unsplash,nature
500+ Kauai Pictures [HD] | Download Free Images on Unsplash,nature
Photo by Casey Horner on Unsplash,nature
550+ Plant Pictures | Download Free Images on Unsplash,nature
Photo by Henry Be on Unsplash,nature
Photo by Blake Verdoorn on Unsplash,nature
Photo by Johannes Andersson on Unsplash,nature
100+ Stunning Rainforest Pictures [HD] | Download Free Images on Unsplash,nature
Botanical Garden Pictures | Download Free Images on Unsplash,nature
100+ Singapore Pictures | Download Free Images on Unsplash,nature
Best 100+ Natural Images [HD] | Download Free Nature Pictures - Unsplash,nature
Best 20+ Animals Pictures [HD] | Download Free Images on Unsplash,nature
100+ Yosemite Pictures | Download Free Images on Unsplash,nature
El Cap Pictures | Download Free Images on Unsplash,nature
Photo by Adam Kool on Unsplash,nature
Photo by Heather Shevlin on Unsplash,nature
450+ Stream Pictures [HD] | Download Free Images on Unsplash,nature
20+ River Pictures | Download Free Images on Unsplash,nature
100+ Iceland Pictures [Stunning!] | Download Free Images on Unsplash,nature
Photo by Daniel Malikyar on Unsplash,nature
500+ Aurora Borealis Pictures | Download Free Images on Unsplash,nature
Best 500+ Northern Lights Wallpapers | Download Free Images On Unsplash,nature
Photo by Daniel Mirlea on Unsplash,nature
Photo by samsommer on Unsplash,nature
Best 500+ Sea Wallpapers [HD] | Download Free Images On Unsplash,nature
Photo by Mourad Saadi on Unsplash,nature
Photo by v2osk on Unsplash,nature
500+ Screensaver Pictures [HQ] | Download Free Images on Unsplash,nature
500+ Texas Pictures | Download Free Images on Unsplash,nature
100+ Usa Pictures | Download Free Images on Unsplash,nature
Photo by Casey Horner on Unsplash,nature
Photo by Mark Basarab on Unsplash,nature
Photo by Urban Vintage on Unsplash,nature
500+ Best Wellness Pictures [HD] | Download Free Images on Unsplash,nature
Photo by Jeremy Bishop on Unsplash,nature
500+ Stunning Pictures | Download Free Images on Unsplash,nature
500+ Mountain Range Pictures | Download Free Images on Unsplash,nature
Landscape Mountain Pictures | Download Free Images on Unsplash,nature
Photo by Spencer Backman on Unsplash,nature
Photo by Casey Horner on Unsplash,nature
Monsols Pictures | Download Free Images on Unsplash,nature
Mont Saint Rigaud Pictures | Download Free Images on Unsplash,nature
Nature Summer Pictures | Download Free Images on Unsplash,nature
500+ Switzerland Pictures | Download Free Images on Unsplash,nature
350+ Stunning Forest Pictures [HQ] | Download Free Images on Unsplash,nature
Beach Pictures | Download Free Images on Unsplash,nature
20+ Stunning Ocean Pictures [HQ] | Download Free Images on Unsplash,nature
1500+ Nature Landscape Pictures | Download Free Images on Unsplash,nature
750+ Animal Pictures [HD] | Download Free Images on Unsplash,nature
27+ Plants Pictures | Download Free Images on Unsplash,nature
100+ Wildlife Pictures | Download Free Images on Unsplash,nature
500+ Stunning Landscape Pictures | Download Free Images on Unsplash,nature
